{
  "regime_curves": {
    "bull": [
      [
        1,
        -1.242418157269192
      ],
      [
        2,
        -0.9227572239472338
      ],
      [
        3,
        -1.3843424343294128
      ],
      [
        4,
        -0.0637164128944141
      ],
      [
        5,
        0.33955513023716516
      ],
      [
        6,
        -0.3594838547278806
      ],
      [
        7,
        -0.35693903589948384
      ],
      [
        8,
        1.30400718701484
      ],
      [
        9,
        0.2521504267370254
      ],
      [
        10,
        -0.11794788149039195
      ],
      [
        11,
        -0.3305544936686712
      ],
      [
        12,
        0.9018860884100213
      ],
      [
        13,
        1.127293291611179
      ],
      [
        14,
        0.6214368976040656
      ],
      [
        15,
        -0.30700914477551844
      ],
      [
        16,
        0.44846198525846315
      ],
      [
        17,
        0.2336458475891411
      ],
      [
        18,
        0.12679447771111252
      ],
      [
        19,
        0.5573111412825267
      ],
      [
        20,
        1.9881272392938607
      ]
    ],
    "neutral": [
      [
        1,
        -0.32231244507503165
      ],
      [
        2,
        -1.5631921305393808
      ],
      [
        3,
        -1.6442387476237668
      ],
      [
        4,
        -1.8479625851761319
      ],
      [
        5,
        -1.9694245785942641
      ],
      [
        6,
        -1.6102069233650893
      ],
      [
        7,
        -1.3786211206362007
      ],
      [
        8,
        -0.9401527689022943
      ],
      [
        9,
        -0.9190576957457974
      ],
      [
        10,
        -0.3795209563216168
      ],
      [
        11,
        0.017723790405081177
      ],
      [
        12,
        -0.24016479081761988
      ],
      [
        13,
        -0.1354553500687982
      ],
      [
        14,
        0.18693134990162508
      ],
      [
        15,
        -0.08862717861172298
      ],
      [
        16,
        -0.06693602082960703
      ],
      [
        17,
        0.024260355164298444
      ],
      [
        18,
        -0.19020310528428616
      ],
      [
        19,
        0.1322339193853247
      ],
      [
        20,
        0.21590439822193383
      ]
    ],
    "bear": [
      [
        1,
        0.17600972390222402
      ],
      [
        2,
        0.1475399289511825
      ],
      [
        3,
        0.12372667337994525
      ],
      [
        4,
        0.1991708298315914
      ],
      [
        5,
        0.24232581577010304
      ],
      [
        6,
        0.39870290546900944
      ],
      [
        7,
        0.4923630113919919
      ],
      [
        8,
        0.41060283490455707
      ],
      [
        9,
        0.6334491991502172
      ],
      [
        10,
        0.7852449278206791
      ],
      [
        11,
        0.833672973866183
      ],
      [
        12,
        0.8933289494465158
      ],
      [
        13,
        0.9648707893326963
      ],
      [
        14,
        1.0946711728865366
      ],
      [
        15,
        1.130313491626588
      ],
      [
        16,
        1.2587297019246635
      ],
      [
        17,
        1.024731427485851
      ],
      [
        18,
        1.6570763922310265
      ],
      [
        19,
        1.7876828467037602
      ],
      [
        20,
        1.9153848048398736
      ]
    ]
  },
  "regime_half_lives": {
    "bull": 20,
    "neutral": 20,
    "bear": 20
  },
  "methodology": {
    "half_life_definition": "信号触发后，累积收益衰减到峰值50%所需天数",
    "peak_definition": "持有期内的最大累积收益",
    "half_threshold": "peak_return * 0.5",
    "note": "如果20天内未衰减到50%，返回20（未衰减）"
  },
  "data_source": "/Users/lx/.qclaw/workspace-main/data/market_regime/combined_daily.json",
  "analysis_time": "2026-06-17T23:00:34.857291"
}