{
  "overlap_stats": {
    "current_vs_sharpe": {
      "3": 0.8198198198198199
    },
    "current_vs_sortino": {
      "3": 0.7927927927927929
    },
    "sharpe_vs_sortino": {
      "3": 0.8198198198198201
    }
  },
  "performance_by_method": {
    "current": {
      "avg": 6.1971428571428575,
      "count": 21
    },
    "sharpe": {
      "avg": 9.765882352941176,
      "count": 17
    },
    "sortino": {
      "avg": 8.8465,
      "count": 20
    }
  },
  "sector_distribution": {
    "current": {
      "\u4f20\u5a92/\u6e38\u620f": 2,
      "\u5176\u4ed6": 63,
      "\u8bc1\u5238/\u5238\u5546": 4,
      "\u533b\u7597/\u533b\u836f": 4,
      "\u94f6\u884c": 11,
      "\u901a\u4fe1/5G": 9,
      "\u9ec4\u91d1": 7,
      "\u534a\u5bfc\u4f53/\u82af\u7247": 4,
      "\u623f\u5730\u4ea7": 1,
      "\u79d1\u521b50": 1,
      "\u7535\u6c60/\u9502\u7535": 1,
      "\u65b0\u80fd\u6e90": 2,
      "\u519b\u5de5/\u56fd\u9632": 1,
      "\u521b\u4e1a\u677f50": 1
    },
    "sharpe": {
      "\u4f20\u5a92/\u6e38\u620f": 2,
      "\u5176\u4ed6": 61,
      "\u8bc1\u5238/\u5238\u5546": 6,
      "\u533b\u7597/\u533b\u836f": 3,
      "\u94f6\u884c": 13,
      "\u9ec4\u91d1": 7,
      "\u534a\u5bfc\u4f53/\u82af\u7247": 4,
      "\u623f\u5730\u4ea7": 1,
      "\u79d1\u521b50": 2,
      "\u901a\u4fe1/5G": 7,
      "\u521b\u4e1a\u677f50": 2,
      "\u7535\u6c60/\u9502\u7535": 1,
      "\u65b0\u80fd\u6e90": 2
    },
    "sortino": {
      "\u4f20\u5a92/\u6e38\u620f": 3,
      "\u5176\u4ed6": 59,
      "\u8bc1\u5238/\u5238\u5546": 6,
      "\u533b\u7597/\u533b\u836f": 3,
      "\u94f6\u884c": 12,
      "\u534a\u5bfc\u4f53/\u82af\u7247": 5,
      "\u623f\u5730\u4ea7": 1,
      "\u9ec4\u91d1": 6,
      "\u901a\u4fe1/5G": 7,
      "\u7535\u6c60/\u9502\u7535": 2,
      "\u65b0\u80fd\u6e90": 4,
      "\u521b\u4e1a\u677f50": 3
    }
  }
}