{
  "regime_curves": {
    "bull": [
      [
        1,
        -0.047300837600639974
      ],
      [
        2,
        1.0943998582316459
      ],
      [
        3,
        1.910231734785824
      ],
      [
        4,
        2.2342890863635927
      ],
      [
        5,
        3.4513068822395314
      ],
      [
        6,
        3.2698667311155702
      ],
      [
        7,
        3.7708217958413703
      ],
      [
        8,
        3.3545198134755423
      ],
      [
        9,
        4.14663496400626
      ],
      [
        10,
        3.1435932076809063
      ],
      [
        11,
        4.188296977531916
      ],
      [
        12,
        2.9451057236217624
      ],
      [
        13,
        3.148202328537234
      ],
      [
        14,
        3.3341318791888535
      ],
      [
        15,
        3.543185753210746
      ],
      [
        16,
        3.647444149065218
      ],
      [
        17,
        3.689956769113916
      ],
      [
        18,
        3.2235882435072165
      ],
      [
        19,
        3.8310751724972225
      ],
      [
        20,
        3.884775788680466
      ]
    ],
    "neutral": [
      [
        1,
        0.6724302087690529
      ],
      [
        2,
        -0.09585824428456975
      ],
      [
        3,
        1.9634013660002674
      ],
      [
        4,
        2.9237171820502974
      ],
      [
        5,
        3.685259471458843
      ],
      [
        6,
        1.2188182633148472
      ],
      [
        7,
        1.1370103620293879
      ],
      [
        8,
        3.2953993438177855
      ],
      [
        9,
        4.745522223649091
      ],
      [
        10,
        6.728797823910559
      ],
      [
        11,
        7.206658374325036
      ],
      [
        12,
        8.240581520658996
      ],
      [
        13,
        9.148960859089765
      ],
      [
        14,
        11.212184730678272
      ],
      [
        15,
        8.69302332878682
      ],
      [
        16,
        9.029745850340634
      ],
      [
        17,
        8.012052535042939
      ],
      [
        18,
        8.516065605894022
      ],
      [
        19,
        8.331728351327317
      ],
      [
        20,
        7.560634776368543
      ]
    ],
    "bear": [
      [
        1,
        -0.44842856573110396
      ],
      [
        2,
        -0.18200835885134087
      ],
      [
        3,
        -0.09620305686904228
      ],
      [
        4,
        0.7038567830777069
      ],
      [
        5,
        1.2635656716119819
      ],
      [
        6,
        0.6510843972505612
      ],
      [
        7,
        0.8967768585162715
      ],
      [
        8,
        0.7669454475656526
      ],
      [
        9,
        0.9453754362540193
      ],
      [
        10,
        0.7422372986129531
      ],
      [
        11,
        0.5040622988650775
      ],
      [
        12,
        0.33629854971644535
      ],
      [
        13,
        0.7296722916914664
      ],
      [
        14,
        0.8732526036126381
      ],
      [
        15,
        1.4445498922837052
      ],
      [
        16,
        1.2572756442915494
      ],
      [
        17,
        1.1977983373180952
      ],
      [
        18,
        1.2243608473126113
      ],
      [
        19,
        0.9672531025462047
      ],
      [
        20,
        0.7930609098175049
      ]
    ]
  },
  "rank_curves": {
    "1": [
      [
        1,
        -0.25573381636654213
      ],
      [
        2,
        0.27041880676234337
      ],
      [
        3,
        1.143691044780499
      ],
      [
        4,
        0.9222117448551941
      ],
      [
        5,
        1.483740670838867
      ],
      [
        6,
        0.9505299857519391
      ],
      [
        7,
        1.4619566694193353
      ],
      [
        8,
        1.622362503344751
      ],
      [
        9,
        2.4644013666222127
      ],
      [
        10,
        2.2542008602610544
      ],
      [
        11,
        2.7474972268114666
      ],
      [
        12,
        2.40350447106358
      ],
      [
        13,
        2.7068865386075087
      ],
      [
        14,
        3.544930046310863
      ],
      [
        15,
        3.346232609007793
      ],
      [
        16,
        3.5943849790638347
      ],
      [
        17,
        3.0154387118201296
      ],
      [
        18,
        2.8354797529542486
      ],
      [
        19,
        3.2114255507097744
      ],
      [
        20,
        3.1843234159343803
      ]
    ],
    "2": [
      [
        1,
        0.048840359083175945
      ],
      [
        2,
        0.9857003201342067
      ],
      [
        3,
        1.8958437075930952
      ],
      [
        4,
        3.0721765669515726
      ],
      [
        5,
        4.624288146451134
      ],
      [
        6,
        4.236903295365609
      ],
      [
        7,
        4.341117193425224
      ],
      [
        8,
        4.041122973227943
      ],
      [
        9,
        4.341153216928101
      ],
      [
        10,
        3.448747855743585
      ],
      [
        11,
        4.325280321325072
      ],
      [
        12,
        3.0427121732555773
      ],
      [
        13,
        3.180718482119837
      ],
      [
        14,
        3.331224882056491
      ],
      [
        15,
        3.2580087581535606
      ],
      [
        16,
        3.19162658630044
      ],
      [
        17,
        3.6545551361355786
      ],
      [
        18,
        3.2478040050802948
      ],
      [
        19,
        3.7897133216216914
      ],
      [
        20,
        3.882005101148368
      ]
    ],
    "3": [
      [
        1,
        0.3468580026240628
      ],
      [
        2,
        1.4877464876235695
      ],
      [
        3,
        2.322976139850449
      ],
      [
        4,
        2.959800120131887
      ],
      [
        5,
        4.31223614302002
      ],
      [
        6,
        3.695143283789133
      ],
      [
        7,
        4.325159339478101
      ],
      [
        8,
        4.143448792707558
      ],
      [
        9,
        5.571554178249012
      ],
      [
        10,
        4.887782970136238
      ],
      [
        11,
        6.232526543177065
      ],
      [
        12,
        5.1161473438504546
      ],
      [
        13,
        5.68092883800426
      ],
      [
        14,
        5.670446221759532
      ],
      [
        15,
        5.827884360979367
      ],
      [
        16,
        5.889427211982529
      ],
      [
        17,
        5.8599957284599045
      ],
      [
        18,
        5.528670157486362
      ],
      [
        19,
        5.815096267093679
      ],
      [
        20,
        5.431613776614031
      ]
    ],
    "4": [],
    "5": []
  },
  "regime_half_lives": {
    "bull": 20,
    "neutral": 20,
    "bear": 20
  },
  "rank_half_lives": {
    "1": 20,
    "2": 20,
    "3": 20,
    "4": null,
    "5": null
  },
  "period_comparison": {
    "5": {
      "avg_return": 2.972508428531147,
      "total_return": 74.31271071327868,
      "num_windows": 25
    },
    "10": {
      "avg_return": 3.5667283754731223,
      "total_return": 89.16820938682804,
      "num_windows": 25
    },
    "15": {
      "avg_return": 4.6665914551269925,
      "total_return": 116.6647863781748,
      "num_windows": 25
    },
    "20": {
      "avg_return": 4.361049915248699,
      "total_return": 109.02624788121744,
      "num_windows": 25
    }
  }
}