{
  "regime_curves": {
    "bull": [
      [
        1,
        -1.2424181572691917
      ],
      [
        2,
        -0.9227572239472339
      ],
      [
        3,
        -1.3843424343294128
      ],
      [
        4,
        -0.06371641289441428
      ],
      [
        5,
        0.33955513023716505
      ],
      [
        6,
        -0.3594838547278803
      ],
      [
        7,
        -0.35693903589948406
      ],
      [
        8,
        1.3040071870148404
      ],
      [
        9,
        0.25215042673702526
      ],
      [
        10,
        -0.117947881490392
      ],
      [
        11,
        -0.33055449366867123
      ],
      [
        12,
        0.9018860884100215
      ],
      [
        13,
        1.1272932916111793
      ],
      [
        14,
        0.6214368976040656
      ],
      [
        15,
        -0.3070091447755189
      ],
      [
        16,
        0.4484619852584631
      ],
      [
        17,
        0.23364584758914103
      ],
      [
        18,
        0.12679447771111282
      ],
      [
        19,
        0.5573111412825267
      ],
      [
        20,
        1.9881272392938611
      ]
    ],
    "neutral": [
      [
        1,
        -0.3223124450750317
      ],
      [
        2,
        -1.5631921305393808
      ],
      [
        3,
        -1.6442387476237668
      ],
      [
        4,
        -1.847962585176132
      ],
      [
        5,
        -1.9694245785942646
      ],
      [
        6,
        -1.610206923365089
      ],
      [
        7,
        -1.3786211206362011
      ],
      [
        8,
        -0.940152768902294
      ],
      [
        9,
        -0.919057695745797
      ],
      [
        10,
        -0.3795209563216168
      ],
      [
        11,
        0.017723790405081243
      ],
      [
        12,
        -0.24016479081762
      ],
      [
        13,
        -0.1354553500687983
      ],
      [
        14,
        0.18693134990162505
      ],
      [
        15,
        -0.0886271786117231
      ],
      [
        16,
        -0.06693602082960692
      ],
      [
        17,
        0.024260355164298333
      ],
      [
        18,
        -0.1902031052842863
      ],
      [
        19,
        0.13223391938532475
      ],
      [
        20,
        0.21590439822193394
      ]
    ],
    "bear": [
      [
        1,
        0.17600972390222402
      ],
      [
        2,
        0.1475399289511825
      ],
      [
        3,
        0.12372667337994525
      ],
      [
        4,
        0.1991708298315914
      ],
      [
        5,
        0.24232581577010306
      ],
      [
        6,
        0.39870290546900944
      ],
      [
        7,
        0.4923630113919919
      ],
      [
        8,
        0.4106028349045571
      ],
      [
        9,
        0.6334491991502172
      ],
      [
        10,
        0.7852449278206791
      ],
      [
        11,
        0.833672973866183
      ],
      [
        12,
        0.8933289494465158
      ],
      [
        13,
        0.9648707893326964
      ],
      [
        14,
        1.0946711728865366
      ],
      [
        15,
        1.130313491626588
      ],
      [
        16,
        1.2587297019246637
      ],
      [
        17,
        1.0247314274858508
      ],
      [
        18,
        1.6570763922310268
      ],
      [
        19,
        1.7876828467037602
      ],
      [
        20,
        1.9153848048398736
      ]
    ]
  },
  "rank_curves": {
    "1": [
      [
        1,
        -0.8891966387495978
      ],
      [
        2,
        -1.2464197817719294
      ],
      [
        3,
        -1.6010796860162506
      ],
      [
        4,
        -0.8225816698654466
      ],
      [
        5,
        -0.5015116348475379
      ],
      [
        6,
        -0.7043457070219981
      ],
      [
        7,
        -0.6479349469539125
      ],
      [
        8,
        0.5222517090430537
      ],
      [
        9,
        0.06505695587168007
      ],
      [
        10,
        0.18966088485547206
      ],
      [
        11,
        0.2038416102623638
      ],
      [
        12,
        0.7273132445968481
      ],
      [
        13,
        1.021157077021386
      ],
      [
        14,
        0.9321661535404627
      ],
      [
        15,
        0.1106286859522001
      ],
      [
        16,
        0.19030017604202276
      ],
      [
        17,
        0.01892721621685925
      ],
      [
        18,
        -0.26891140659928897
      ],
      [
        19,
        -0.0859057133501197
      ],
      [
        20,
        1.0954636350531226
      ]
    ],
    "3": [
      [
        1,
        -1.0969484452147915
      ],
      [
        2,
        -1.0416847077481057
      ],
      [
        3,
        -1.1763697150340438
      ],
      [
        4,
        -0.4047562002665962
      ],
      [
        5,
        -0.3280199817446877
      ],
      [
        6,
        -0.813612485118714
      ],
      [
        7,
        -0.8588342017647986
      ],
      [
        8,
        -0.19412099525637855
      ],
      [
        9,
        -0.7696889811756197
      ],
      [
        10,
        -0.6667480945608205
      ],
      [
        11,
        -0.6221247658671442
      ],
      [
        12,
        -0.14823636809617272
      ],
      [
        13,
        0.14130201096164616
      ],
      [
        14,
        0.05436262220574664
      ],
      [
        15,
        -0.3443030512062075
      ],
      [
        16,
        0.24718542327659412
      ],
      [
        17,
        0.11845976193070293
      ],
      [
        18,
        0.03709547711829449
      ],
      [
        19,
        0.5750025478915116
      ],
      [
        20,
        1.2038143404875696
      ]
    ],
    "5": [
      [
        1,
        -0.6158512894743784
      ],
      [
        2,
        -1.065891045357775
      ],
      [
        3,
        -1.346462625802971
      ],
      [
        4,
        -0.8635880635742658
      ],
      [
        5,
        -0.832084484501539
      ],
      [
        6,
        -0.7909226437985329
      ],
      [
        7,
        -0.5483736047878169
      ],
      [
        8,
        0.41129130224183313
      ],
      [
        9,
        0.21022402663775047
      ],
      [
        10,
        0.4492735890250638
      ],
      [
        11,
        0.6017104274692641
      ],
      [
        12,
        1.2925610935891707
      ],
      [
        13,
        1.28409711175673
      ],
      [
        14,
        1.1736102725911746
      ],
      [
        15,
        0.6046141688716058
      ],
      [
        16,
        1.0488913642815505
      ],
      [
        17,
        0.9267724712727267
      ],
      [
        18,
        1.1865905732952275
      ],
      [
        19,
        1.3376686373392708
      ],
      [
        20,
        1.734331033843648
      ]
    ]
  },
  "regime_half_lives": {
    "bull": 1,
    "neutral": 1,
    "bear": 1
  },
  "rank_half_lives": {
    "1": 1,
    "3": 1,
    "5": 1
  },
  "period_comparison": {
    "10": {
      "total_ret": -2.9209169121013425,
      "annualized": -2.3809870301509717,
      "num_windows": 31
    },
    "20": {
      "total_ret": 41.846523428502536,
      "annualized": 15.267521195447408,
      "num_windows": 31
    }
  }
}